Sample	Postion	Ref	Alt	Locus	Haplogroup	Verbose_haplogroup	Disease	Status	ntchange	aachange	Conservation	Mitomap Frequency	Gnomad Frequency
sample1	73	A	G	ATT,CR:7S-like,CR:Control Region,CR:HVS2	M7c	M7c1a5			transition	non-coding		75.080	71.574
sample1	146	T	C	ATT,CR:7S-like,CR:Control Region,CR:HVS2,CR:OH	M7c	M7c1a5	Absence of Endometriosis	Reported	transition	non-coding		19.010	20.369
sample1	152	T	C	ATT,CR:7S-like,CR:Control Region,CR:HVS2,CR:OH					transition	non-coding		25.493	31.733
sample1	199	T	C	ATT,CR:Control Region,CR:HVS2,CR:OH	M7c	M7c1a5			transition	non-coding		5.772	3.511
sample1	263	A	G	ATT,CR:Control Region,CR:HVS2,CR:OH	M7c	M7c1a5			transition	non-coding		95.428	99.070
sample1	302	A	C	ATT,CR:Control Region,CR:CSB2,CR:HVS2,CR:OH,CR:TFY					transversion	non-coding		0.045	0.000
sample1	309	C	T	ATT,CR:Control Region,CR:CSB2,CR:HVS2,CR:OH					transition	non-coding		1.598	0.060
sample1	310	T	C	ATT,CR:Control Region,CR:CSB2,CR:HVS2,CR:OH			Possible protective factor for normal tension glaucoma	Reported	transition	non-coding		40.230	5.297
sample1	373	A	G	ATT,CR:Control Region,CR:mt4H,CR:OH	M7c	M7c1a5			transition	non-coding		0.347	0.085
sample1	489	T	C	ATT,CR:Control Region,CR:HVS3	M7c	M7c1a5	Low VO2max response	Reported	transition	non-coding		25.112	10.935
sample1	750	A	G	12S	M7c	M7c1a5			transition	rRNA	97.78	98.271	98.341
sample1	1438	A	G	12S	M7c	M7c1a5			transition	rRNA	86.67	95.124	95.610
sample1	2617	A	G	16S					transition	rRNA	66.67		0.000
sample1	2617	A	T	16S					transversion	rRNA	66.67		
sample1	2706	A	G	16S	M7c	M7c1a5			transition	rRNA	84.44	77.871	73.949
sample1	3882	G	A	ND1	M7c	M7c1a5			transition	ND1:E192E	100.00	0.411	0.211
sample1	4071	C	T	ND1	M7c	M7c1a5			transition	ND1:Y255Y	57.78	2.455	0.416
sample1	4452	T	C	M	M7c	M7c1a5	Reported in tic disorder patient	Reported	transition	MitoTIP 7.20%	62.22	0.204	0.583
sample1	4850	C	T	ND2	M7c	M7c1a5			transition	ND2:G127G	88.89	1.330	0.197
sample1	5442	T	C	ND2	M7c	M7c1a5			transition	ND2:F325L	17.78	4.390	1.484
sample1	6455	C	T	COI	M7c	M7c1a5			transition	COI:F184F	100.00	2.819	0.758
sample1	7960	A	G	COII	M7c	M7c1a5			transition	COII:P125P	20.00	0.431	0.574
sample1	8701	A	G	ATPase6	M7c	M7c1a5			transition	ATPase6:T59A	42.22	31.550	30.319
sample1	9540	T	C	COIII	M7c	M7c1a5			transition	COIII:L112L	97.78	31.528	30.433
sample1	9824	T	C	COIII	M7c	M7c1a5			transition	COIII:L206L	95.56	2.595	0.482
sample1	10286	A	G	ND3					transition	ND3:P76P	95.56	0.288	0.053
sample1	10398	A	G	ND3	M7c	M7c1a5	PD protective factor / longevity / altered cell pH / metabolic syndrome / breast cancer risk / Leigh Syndrome risk / ADHD / cognitive decline / SCA2 age of onset / Fuchs endothelial corneal dystrophy	Reported; lineage L & M marker, also hg IJK	transition	ND3:T114A	51.11	42.560	41.848
sample1	10400	C	T	ND3	M7c	M7c1a5			transition	ND3:T114T	51.11	20.441	5.275
sample1	10873	T	C	ND4	M7c	M7c1a5			transition	ND4:P38P	20.00	31.511	30.495
sample1	10946	A	C	ND4					transversion	ND4:T63P	62.22		0.000
sample1	11389	C	T	ND4	M7c	M7c1a5			transition	ND4:Y210Y	97.78	0.029	0.011
sample1	11665	C	T	ND4	M7c	M7c1a5			transition	ND4:L302L	80.00	1.369	0.206
sample1	11719	G	A	ND4	M7c	M7c1a5			transition	ND4:G320G	97.78	76.154	71.104
sample1	11914	G	A	ND4			Possible susceptibility to bullous pemphigoid	Reported	transition	ND4:T385T	20.00	10.601	10.857
sample1	12091	T	C	ND4	M7c	M7c1a5			transition	ND4:I444I	22.22	1.345	0.213
sample1	12705	C	T	ND5	M7c	M7c1a5	Possible protective factor for normal tension glaucoma	Reported	transition	ND5:I123I	28.89	39.979	48.879
sample1	13710	A	T	ND5					transversion	ND5:A458A	33.33	0.002	0.005
sample1	13762	T	G	ND5					transversion	ND5:S476A	28.89	0.079	0.139
sample1	13780	A	C	ND5					transversion	ND5:I482L	11.11	0.002	0.000
sample1	14766	C	T	Cytb	M7c	M7c1a5			transition	Cytb:T7I	48.89	75.634	70.679
sample1	14783	T	C	Cytb	M7c	M7c1a5	Possible role in high altitude sickness	Reported	transition	Cytb:L13L	17.78	20.426	5.535
sample1	15043	G	A	Cytb	M7c	M7c1a5	MDD-associated / possible factor in high altitude sickness	Reported	transition	Cytb:G99G	97.78	22.806	7.876
sample1	15301	G	A	Cytb	M7c	M7c1a5	Possible factor in high altitude sickness, LHON	Reported	transition	Cytb:L185L	95.56	27.340	24.462
sample1	15326	A	G	Cytb	M7c	M7c1a5			transition	Cytb:T194A	17.78	98.589	99.342
sample1	15787	T	C	Cytb	M7c	M7c1a5			transition	Cytb:F347F	66.67	0.057	0.027
sample1	15924	A	G	T	M7c	M7c1a5	LIMM	Reported	transition	MitoTIP 22.70%	71.11	3.506	4.115
sample1	16223	C	T	ATT,CR:7S-like,CR:Control Region,CR:HVS1/HV1	M7c	M7c1a5			transition	non-coding		38.026	39.409
sample1	16295	C	T	ATT,CR:7S-like,CR:Control Region,CR:HVS1/HV1	M7c	M7c1a5			transition	non-coding		1.743	1.245
sample1	16519	T	C	ATT,CR:7S-like,CR:Control Region					transition	non-coding		62.156	65.725
